{
  "Model": "Random Forest",
  "R2": 0.9532541223528808,
  "MAE": 9.632554616234893,
  "RMSE": 14.339234356574524
}